<?xml version="1.0" encoding="UTF-8"?>
<project-private xmlns="http://www.netbeans.org/ns/project-private/1">
    <editor-bookmarks xmlns="http://www.netbeans.org/ns/editor-bookmarks/2" lastBookmarkId="0"/>
    <open-files xmlns="http://www.netbeans.org/ns/projectui-open-files/2">
        <group>
            <file>file:/Users/peichun/Desktop/final_project_rzz666/Export/src/Interface/Trasport/ManageRoute.java</file>
            <file>file:/Users/peichun/Desktop/final_project_rzz666/Export/src/Interface/Trasport/CreateNewRoute.java</file>
            <file>file:/Users/peichun/Desktop/final_project_rzz666/Export/src/Business/Airline/Flight.java</file>
            <file>file:/Users/peichun/Desktop/final_project_rzz666/Export/src/Interface/Shipping/ShippingWorkAreaJPanel.java</file>
        </group>
    </open-files>
</project-private>
